Name,,,,
Category 1,,,,
"category 2 category 2 uhkjfbkjhbfkjbfvmbvbbcknwlk;ldkkm.a,nkjuhiuehkjnkcjbbcejbherhejnlkjncnhbcbwhulijwnkjnwjcbhbebkejnelhieknekjnlefwlowj;ojwmlkjw;jvnkvjnvbiwuwgdjchbjshbjhbjhbj
category 2 uhkjfbkjhbfkjbfvmbvbbcknwlk;ldkkm.a,nkjuhiuehkjnkcjbbcejbherhejnlkjncnhbcbwhulijwnkjnwjcbhbebkejnelhieknekjnlefwlowj;ojwmlkjw;jvnkvjnvbiwuwgdjchbjshbjhbjhbj
category 2 uhkjfbkjhbfkjbfvmbvbbcknwlk;ldkkm.a,nkjuhiuehkjnkcjbbcejbherhejnlkjncnhbcbwhulijwnkjnwjcbhbebkejnelhieknekjnlefwlowj;ojwmlkjw;jvnkvjnvbiwuwgdjchbjshbjhbjhbj
uhkjfbkjhbfkjbfvmbvbbcknwlk;ldkkm.a,nkjuhiuehkjnkcjbbcejbherhejnlkjncnhbcbwhulijwnkjnwjcbhbebkejnelhieknekjnlefwlowj;ojwmlkjw;jvnkvjnvbiwuwgdjchbjshbjhbjhbj",,,,
,,,,
"category 2 category 2 uhkjfbkjhbfkjbfvmbvbbcknwlk;ldkkm.a,nkjuhiuehkjnkcjbbcejbherhejnlkjncnhbcbwhulijwnkjnwjcbhbebkejnelhieknekjnlefwlowj;ojwmlkjw;jvnkvjnvbiwuwgdjchbjshbjhbjhbj
category 2 uhkjfbkjhbfkjbfvmbvbbcknwlk;ldkkm.a,nkjuhiuehkjnkcjbbcejbherhejnlkjncnhbcbwhulijwnkjnwjcbhbebkejnelhieknekjnlefwlowj;ojwmlkjw;jvnkvjnvbiwuwgdjchbjshbjhbjhbj
category 2 uhkjfbkjhbfkjbfvmbvbbcknwlk;ldkkm.a,nkjuhiuehkjnkcjbbcejbherhejnlkjncnhbcbwhulijwnkjnwjcbhbebkejnelhieknekjnlefwlowj;ojwmlkjw;jvnkvjnvbiwuwgdjchbjshbjhbjhbj
uhkjfbkjhbfkjbfvmbvbbcknwlk;ldkkm.a,nkjuhiuehkjnkcjbbcejbherhejnlkjncnhbcbwhulijwnkjnwjcbhbebkejnelhieknekjnlefwlowj;ojwmlkjw;jvnkvjnvbiwuwgdjchbjshbjhbjhbj",,,,